subject,classname,img
p075,c0,img_34.jpg
p072,c0,img_104.jpg
p081,c0,img_139.jpg
p051,c0,img_208.jpg
p051,c0,img_231.jpg
p066,c0,img_262.jpg
p049,c0,img_292.jpg
p022,c0,img_316.jpg
p064,c0,img_327.jpg
p049,c0,img_344.jpg
p050,c0,img_375.jpg
p051,c0,img_411.jpg
p051,c0,img_414.jpg
p024,c0,img_498.jpg
p021,c0,img_609.jpg
p072,c0,img_656.jpg
p066,c0,img_772.jpg
p047,c0,img_800.jpg
p047,c0,img_844.jpg
p021,c0,img_948.jpg
p049,c0,img_957.jpg
p012,c0,img_973.jpg
p050,c0,img_981.jpg
p014,c0,img_1005.jpg
p024,c0,img_1039.jpg
p072,c0,img_1053.jpg
p015,c0,img_1063.jpg
p014,c0,img_1078.jpg
p049,c0,img_1083.jpg
p035,c0,img_1197.jpg
p072,c0,img_1215.jpg
p041,c0,img_1230.jpg
p045,c0,img_1236.jpg
p021,c0,img_1256.jpg
p012,c0,img_1267.jpg
p051,c0,img_1336.jpg
p051,c0,img_1355.jpg
p041,c0,img_1363.jpg
p012,c0,img_1367.jpg
p026,c0,img_1421.jpg
p045,c0,img_1487.jpg
p072,c0,img_1519.jpg
p050,c0,img_1617.jpg
p016,c0,img_1746.jpg
p052,c0,img_1872.jpg
p014,c0,img_1928.jpg
p042,c0,img_1929.jpg
p045,c0,img_1942.jpg
p066,c0,img_2028.jpg
p014,c0,img_2064.jpg
p039,c1,img_6.jpg
p049,c1,img_115.jpg
p024,c1,img_149.jpg
p061,c1,img_357.jpg
p061,c1,img_448.jpg
p045,c1,img_462.jpg
p016,c1,img_557.jpg
p061,c1,img_623.jpg
p066,c1,img_636.jpg
p002,c1,img_665.jpg
p075,c1,img_672.jpg
p042,c1,img_689.jpg
p026,c1,img_700.jpg
p039,c1,img_761.jpg
p021,c1,img_822.jpg
p035,c1,img_836.jpg
p072,c1,img_859.jpg
p049,c1,img_872.jpg
p049,c1,img_924.jpg
p026,c1,img_928.jpg
p024,c1,img_942.jpg
p041,c1,img_1043.jpg
p024,c1,img_1045.jpg
p042,c1,img_1077.jpg
p075,c1,img_1119.jpg
p041,c1,img_1182.jpg
p042,c1,img_1224.jpg
p024,c1,img_1242.jpg
p026,c1,img_1302.jpg
p061,c1,img_1326.jpg
p064,c1,img_1407.jpg
p014,c1,img_1420.jpg
p002,c1,img_1472.jpg
p075,c1,img_1570.jpg
p024,c1,img_1579.jpg
p049,c1,img_1655.jpg
p041,c1,img_1756.jpg
p014,c1,img_1830.jpg
p045,c1,img_1834.jpg
p061,c1,img_1844.jpg
p002,c1,img_1916.jpg
p021,c1,img_1939.jpg
p035,c1,img_1950.jpg
p024,c1,img_2212.jpg
p081,c1,img_2217.jpg
p081,c1,img_2298.jpg
p024,c1,img_2302.jpg
p026,c1,img_2314.jpg
p021,c1,img_2315.jpg
p075,c1,img_2333.jpg
p002,c1,img_94.jpg
p047,c1,img_186.jpg
p072,c1,img_253.jpg
p061,c1,img_258.jpg
p014,c1,img_271.jpg
p052,c1,img_346.jpg
p014,c1,img_381.jpg
p047,c1,img_484.jpg
p056,c1,img_499.jpg
p042,c1,img_501.jpg
p024,c1,img_513.jpg
p016,c1,img_530.jpg
p049,c1,img_553.jpg
p039,c1,img_562.jpg
p075,c1,img_641.jpg
p066,c1,img_673.jpg
p075,c1,img_704.jpg
p026,c1,img_791.jpg
p049,c1,img_804.jpg
p072,c1,img_814.jpg
p016,c1,img_908.jpg
p035,c1,img_916.jpg
p049,c1,img_1096.jpg
p047,c1,img_1103.jpg
p039,c1,img_1138.jpg
p012,c1,img_1202.jpg
p051,c1,img_1218.jpg
p052,c1,img_1341.jpg
p042,c1,img_1394.jpg
p022,c1,img_1428.jpg
p022,c1,img_1441.jpg
p021,c1,img_1496.jpg
p014,c1,img_1504.jpg
p014,c1,img_1521.jpg
p052,c1,img_1530.jpg
p002,c1,img_1542.jpg
p049,c1,img_1571.jpg
p041,c1,img_1589.jpg
p016,c1,img_1595.jpg
p064,c1,img_1599.jpg
p066,c1,img_1633.jpg
p066,c1,img_1689.jpg
p016,c1,img_1703.jpg
p075,c1,img_1709.jpg
p056,c1,img_1713.jpg
p012,c1,img_1724.jpg
p066,c1,img_1764.jpg
p045,c1,img_1803.jpg
p022,c1,img_1805.jpg
p016,c1,img_1891.jpg
p066,c1,img_5.jpg
p049,c1,img_204.jpg
p066,c1,img_207.jpg
p014,c1,img_216.jpg
p051,c1,img_244.jpg
p024,c1,img_296.jpg
p035,c1,img_322.jpg
p016,c1,img_392.jpg
p056,c1,img_423.jpg
p051,c1,img_456.jpg
p024,c1,img_468.jpg
p052,c1,img_477.jpg
p022,c1,img_510.jpg
p035,c1,img_533.jpg
p035,c1,img_537.jpg
p051,c1,img_569.jpg
p064,c1,img_589.jpg
p012,c1,img_592.jpg
p039,c1,img_612.jpg
p026,c1,img_616.jpg
p049,c1,img_843.jpg
p022,c1,img_955.jpg
p049,c1,img_1027.jpg
p052,c1,img_1076.jpg
p014,c1,img_1145.jpg
p014,c1,img_1153.jpg
p026,c1,img_1257.jpg
p016,c1,img_1273.jpg
p066,c1,img_1286.jpg
p050,c1,img_1295.jpg
p015,c1,img_1317.jpg
p042,c1,img_1323.jpg
p021,c1,img_1329.jpg
p047,c1,img_1337.jpg
p041,c1,img_1342.jpg
p002,c1,img_1455.jpg
p064,c1,img_1495.jpg
p002,c1,img_1565.jpg
p021,c1,img_1645.jpg
p051,c1,img_1701.jpg
p016,c1,img_1759.jpg
p049,c1,img_1783.jpg
p052,c1,img_1819.jpg
p064,c1,img_1879.jpg
p056,c1,img_1900.jpg
p045,c1,img_1921.jpg
p035,c1,img_2005.jpg
p066,c1,img_2034.jpg
p051,c1,img_2036.jpg
p081,c1,img_2114.jpg
p041,c1,img_14.jpg
p050,c1,img_99.jpg
p050,c1,img_173.jpg
p012,c1,img_319.jpg
p024,c1,img_379.jpg
p064,c1,img_440.jpg
p042,c1,img_445.jpg
p081,c1,img_452.jpg
p021,c1,img_494.jpg
p049,c1,img_502.jpg
p075,c1,img_503.jpg
p035,c1,img_524.jpg
p014,c1,img_568.jpg
p026,c1,img_594.jpg
p026,c1,img_597.jpg
p016,c1,img_664.jpg
p047,c1,img_674.jpg
p022,c1,img_732.jpg
p081,c1,img_775.jpg
p002,c1,img_803.jpg
p051,c1,img_849.jpg
p002,c1,img_858.jpg
p075,c1,img_902.jpg
p014,c1,img_967.jpg
p061,c1,img_986.jpg
p041,c1,img_1073.jpg
p021,c1,img_1106.jpg
p049,c1,img_1327.jpg
p061,c1,img_1374.jpg
p056,c1,img_1408.jpg
p061,c1,img_1523.jpg
p021,c1,img_1552.jpg
p021,c1,img_1578.jpg
p066,c1,img_1621.jpg
p022,c1,img_1740.jpg
p061,c1,img_1760.jpg
p045,c1,img_1762.jpg
p075,c1,img_1789.jpg
p022,c1,img_1913.jpg
p015,c1,img_2071.jpg
p051,c1,img_2098.jpg
p024,c1,img_2274.jpg
p021,c1,img_2308.jpg
p014,c1,img_2322.jpg
p026,c1,img_2351.jpg
p012,c1,img_2413.jpg
p015,c1,img_2443.jpg
p026,c1,img_2447.jpg
p026,c1,img_2479.jpg
p081,c1,img_2499.jpg
p064,c1,img_56.jpg
p015,c1,img_63.jpg
p026,c1,img_118.jpg
p075,c1,img_120.jpg
p045,c1,img_138.jpg
p052,c1,img_274.jpg
p026,c1,img_275.jpg
p035,c1,img_383.jpg
p022,c1,img_443.jpg
p022,c1,img_444.jpg
p026,c1,img_457.jpg
p064,c1,img_464.jpg
p026,c1,img_573.jpg
p049,c1,img_578.jpg
p022,c1,img_621.jpg
p050,c1,img_632.jpg
p064,c1,img_650.jpg
p012,c1,img_659.jpg
p052,c1,img_661.jpg
p035,c1,img_667.jpg
p047,c1,img_713.jpg
p026,c1,img_717.jpg
p015,c1,img_735.jpg
p002,c1,img_796.jpg
p039,c1,img_1016.jpg
p047,c1,img_1024.jpg
p026,c1,img_1048.jpg
p014,c1,img_1191.jpg
p049,c1,img_1245.jpg
p002,c1,img_1290.jpg
p026,c1,img_1304.jpg
p022,c1,img_1378.jpg
p002,c1,img_1388.jpg
p015,c1,img_1395.jpg
p049,c1,img_1401.jpg
p021,c1,img_1404.jpg
p016,c1,img_1467.jpg
p022,c1,img_1536.jpg
p042,c1,img_1584.jpg
p081,c1,img_1605.jpg
p012,c1,img_1651.jpg
p024,c1,img_1718.jpg
p024,c1,img_1723.jpg
p056,c1,img_1797.jpg
p015,c1,img_1821.jpg
p026,c1,img_1827.jpg
p064,c1,img_1876.jpg
p075,c1,img_2090.jpg
p050,c1,img_2123.jpg
p014,c1,img_2130.jpg
p022,c1,img_0.jpg
p026,c1,img_16.jpg
p039,c1,img_72.jpg
p066,c1,img_124.jpg
p066,c1,img_157.jpg
p024,c1,img_183.jpg
p072,c1,img_195.jpg
p041,c1,img_212.jpg
p075,c1,img_213.jpg
p066,c1,img_218.jpg
p035,c1,img_232.jpg
p022,c1,img_251.jpg
p024,c1,img_270.jpg
p026,c1,img_297.jpg
p022,c1,img_372.jpg
p035,c1,img_380.jpg
p052,c1,img_397.jpg
p015,c1,img_472.jpg
p064,c1,img_491.jpg
p002,c1,img_508.jpg
p039,c1,img_555.jpg
p022,c1,img_575.jpg
p056,c1,img_590.jpg
p056,c1,img_678.jpg
p021,c1,img_875.jpg
p026,c1,img_879.jpg
p014,c1,img_971.jpg
p064,c1,img_1071.jpg
p002,c1,img_1098.jpg
p047,c1,img_1133.jpg
p066,c1,img_1149.jpg
p064,c1,img_1198.jpg
p002,c1,img_1207.jpg
p064,c1,img_1208.jpg
p024,c1,img_1247.jpg
p049,c1,img_1262.jpg
p081,c1,img_1399.jpg
p061,c1,img_1424.jpg
p016,c1,img_1457.jpg
p021,c1,img_1513.jpg
p014,c1,img_1602.jpg
p049,c1,img_1641.jpg
p015,c1,img_1663.jpg
p024,c1,img_1705.jpg
p002,c1,img_1722.jpg
p064,c1,img_1766.jpg
p064,c1,img_1786.jpg
p002,c1,img_1790.jpg
p039,c1,img_1875.jpg
p024,c1,img_1906.jpg
p015,c1,img_81.jpg
p042,c1,img_102.jpg
p026,c1,img_116.jpg
p081,c1,img_133.jpg
p022,c1,img_233.jpg
p061,c1,img_340.jpg
p061,c1,img_394.jpg
p021,c1,img_398.jpg
p056,c1,img_421.jpg
p050,c1,img_566.jpg
p016,c1,img_602.jpg
p014,c1,img_629.jpg
p081,c1,img_652.jpg
p051,c1,img_719.jpg
p022,c1,img_727.jpg
p066,c1,img_729.jpg
p047,c1,img_792.jpg
p016,c1,img_794.jpg
p012,c1,img_845.jpg
p026,c1,img_904.jpg
p041,c1,img_939.jpg
p035,c1,img_947.jpg
p066,c1,img_995.jpg
p050,c1,img_1010.jpg
p026,c1,img_1019.jpg
p041,c1,img_1086.jpg
p081,c1,img_1104.jpg
p075,c1,img_1148.jpg
p021,c1,img_1160.jpg
p047,c1,img_1220.jpg
p002,c1,img_1444.jpg
p039,c1,img_1498.jpg
p022,c1,img_1514.jpg
p061,c1,img_1532.jpg
p002,c1,img_1564.jpg
p022,c1,img_1644.jpg
p049,c1,img_1677.jpg
p041,c1,img_1687.jpg
p081,c1,img_1752.jpg
p081,c1,img_1881.jpg
p041,c1,img_1918.jpg
p039,c1,img_1974.jpg
p066,c1,img_1990.jpg
p026,c1,img_2015.jpg
p061,c1,img_2020.jpg
p051,c1,img_2023.jpg
p014,c1,img_2144.jpg
p050,c1,img_2159.jpg
p049,c1,img_2401.jpg
p045,c1,img_2426.jpg
p041,c1,img_26.jpg
p047,c1,img_108.jpg
p021,c1,img_247.jpg
p042,c1,img_302.jpg
p050,c1,img_420.jpg
p015,c1,img_521.jpg
p014,c1,img_531.jpg
p015,c1,img_671.jpg
p002,c1,img_711.jpg
p047,c1,img_798.jpg
p047,c1,img_812.jpg
p022,c1,img_874.jpg
p024,c1,img_887.jpg
p042,c1,img_895.jpg
p050,c1,img_921.jpg
p012,c1,img_922.jpg
p049,c1,img_926.jpg
p066,c1,img_1057.jpg
p016,c1,img_1062.jpg
p052,c1,img_1146.jpg
p081,c1,img_1282.jpg
p045,c1,img_1338.jpg
p049,c1,img_1493.jpg
p056,c1,img_1540.jpg
p039,c1,img_1554.jpg
p051,c1,img_1567.jpg
p051,c1,img_1614.jpg
p064,c1,img_1699.jpg
p061,c1,img_1702.jpg
p024,c1,img_1808.jpg
p045,c1,img_1842.jpg
p056,c1,img_1973.jpg
p066,c1,img_2006.jpg
p042,c1,img_2009.jpg
p039,c1,img_2116.jpg
p047,c1,img_2133.jpg
p050,c1,img_2153.jpg
p052,c1,img_2362.jpg
p050,c1,img_2378.jpg
p081,c1,img_2409.jpg
p041,c1,img_2421.jpg
p012,c1,img_2464.jpg
p061,c1,img_2494.jpg
p024,c1,img_2556.jpg
p042,c1,img_2667.jpg
p049,c1,img_2832.jpg
p035,c1,img_2861.jpg
p075,c1,img_2876.jpg
p061,c1,img_2902.jpg
p021,c1,img_2958.jpg
p047,c1,img_19.jpg
p081,c1,img_50.jpg
p072,c1,img_54.jpg
p021,c1,img_55.jpg
p066,c1,img_60.jpg
p052,c1,img_77.jpg
p039,c1,img_79.jpg
p016,c1,img_125.jpg
p049,c1,img_144.jpg
p041,c1,img_154.jpg
p014,c1,img_294.jpg
p066,c1,img_312.jpg
p022,c1,img_325.jpg
p072,c1,img_337.jpg
p075,c1,img_382.jpg
p015,c1,img_487.jpg
p061,c1,img_493.jpg
p061,c1,img_523.jpg
p035,c1,img_548.jpg
p015,c1,img_579.jpg
p016,c1,img_599.jpg
p050,c1,img_607.jpg
p015,c1,img_631.jpg
p022,c1,img_715.jpg
p075,c1,img_763.jpg
p022,c1,img_769.jpg
p014,c1,img_857.jpg
p016,c1,img_860.jpg
p002,c1,img_993.jpg
p052,c1,img_1012.jpg
p064,c1,img_1055.jpg
p021,c1,img_1069.jpg
p061,c1,img_1113.jpg
p047,c1,img_1125.jpg
p066,c1,img_1190.jpg
p056,c1,img_1254.jpg
p066,c1,img_1303.jpg
p072,c1,img_1386.jpg
p049,c1,img_1442.jpg
p066,c1,img_1580.jpg
p021,c1,img_1640.jpg
p039,c1,img_1671.jpg
p035,c1,img_1761.jpg
p026,c1,img_1825.jpg
p022,c1,img_1922.jpg
p064,c1,img_2025.jpg
p022,c1,img_2051.jpg
p056,c1,img_2091.jpg
p064,c1,img_2131.jpg
p051,c1,img_2166.jpg
